用什么方法治疗胆囊炎会更好一些？胆囊炎的早期症状表现，胆囊炎吃什么药最好？	鼻子右侧的鼻骨轻微骨折。骨折多久了呢，是否有鼻塞症状？一般建议10天之内可以复位。若时间较久，骨痂已经形成，则复位会很痛。	0	胆囊炎	鼻子右侧的鼻骨
大夫。我是右腿小腿骨折，已经打钢板一个月了，复查大夫说股痂长出来了。我现在需要吃药吗，怎么锻炼好？谢谢。	你的这种症状是很常见的，可能是因为静脉的破裂导致的，请不要担心建议及时去医院的肛肠科看看，这样有助于医生的诊断，养成好的生活习惯，一般是要手术治疗的	0	右腿小腿	静脉
全部症状：1、L4/5椎间盘膨出并突出（左旁中央型），硬膜囊及左侧神经根受压，继发椎管狭窄2、L5/S1椎间盘轻度突出（中央型），硬膜囊受压发病时间及原因：2009年治疗情况：牵引与按摩都已尝试，正在服药。	椎间盘突出症是一个多发病、常见病，它主要因椎间盘劳损变性、纤维环破裂或髓核脱出等，刺激或压迫脊神经、脊髓等引起的一系列症状群。传统中医学还认为肾虚、缺钙、受风、寒、湿的一些朋友也易患腰间盘突出。	1	L4/5椎间盘	椎间盘
微创手术手术三天后左下肢臀部及小腿后部一直以来有麻痹感是什么原因？	这样的问题也就是有微创手术后出现的症状，建议多喝水注意休息按摩针灸的方法治疗口服维生素B1治疗看看。	1	左下肢臀部	维生素B1
胎儿冠状静脉窦扩张，首先考虑永存左位上腔静脉因为是单脐动脉，今天去做心超诊断是胎儿冠状静脉窦扩张，首先考虑永存左位上腔静脉，部分型肺静脉异位引流不能完全排除，不知道问题大不大，还要做哪些检查谢谢啊	头三天最好卧床休息，否则可能延长阴道出血时间，半个月内最好避免参加体力劳动和体育锻炼。要适当补充营养，多吃一些富含蛋白质，维生素的食品，如新鲜水果蔬菜，瘦肉，鲜鱼，蛋类，奶或豆制品等。具体总的费用需要根据人流所选择的方式、术前检查情况、孕囊的大小决定。还要看你所选择的人流医院。	0	冠状静脉窦	阴道
月经推迟的原因是不是怀孕了？月经推迟四天了，性生活没有避孕，是不是怀孕了？	那要是你平时月经周期规律的话建议你推后四天以上的时间化验尿妊娠试验排查怀孕的情况的，这个是最早检查的时间的情况的注意卫生，注意一般要是没有怀孕推后一周内是正常的情况的	1	none	尿妊娠试验
恶心，想吐，头也有点晕今天不知道什么原因老是感觉恶心想吐，头也有点晕晕的，上网搜了下乙肝患者的症状也有恶心呕吐，我担心是不是患乙肝了	恶心，呕吐，头晕这些症状是最常见的症状很多疾病都会出现。最常见的病毒感冒也会引起。如果怀疑乙肝，建议早上不吃饭不喝水空腹到医院内科门诊开个乙肝五项化验单查一下就可以了。	1	恶心	恶心
夏天吃什么补充维生素多。	卵巢癌恶性率较高，单纯西医治疗效果不佳，可以配合服用中药扶正祛邪，活血化瘀，清热解毒，改善机体内环境，提高免疫力，有效控制病情发展。	0	维生素	none
胸口憋闷失眠尿液里有血，小便的时候尿道酸涩，小腹有点疼。胸口憋闷喘不上气，失眠。	胸口憋闷引起失眠，尿里有血，有明显的躯体症状，建议尽快就医处理，防止症状加重。建议到正规医院就诊，由医师根据你的详细情况及必要的辅助检查结果，确定你的身体状况，并决定如何处理。	1	胸口	胸口
宝宝发烧了37。5用打针吗	孩子目前发烧的现象，看是什么感染，有病毒，细菌，支原体等。要对症消炎治疗的，需要服用退烧药物布洛芬颗粒。也可给孩子服用点护彤和清热宁颗粒治疗的，最好是血象检查一下，严重可以输液的	1	发烧	发烧
主要症状:头昏发病时间:有焦虑症状并伴有胃病有几个月了但是昨天开始治鼻炎医生开的中药里每副有9g苍耳子看到网上很多报道中毒的心里很是担心。不知道是不是我的心理问题我3月份有过一次受惊吓并伴有呼吸困难脚无力从那以后一直感觉晕晕的头很昏化验检查结果:血常规心肌酶心电图都正常	是，中风先兆就是以一侧肢体麻木为主要症状的，还可以有头晕，吐字不清，突然摔倒等，尤其是还有高血压史，就应当重点考虑中风前兆了建议及时就医，积极配合控制发展，另外，在此期间，应该严格检测血压，把血压控制在安全范围，保持心情平和，避免过喜过怒，饮食忌辛辣	0	头昏	麻木
之前怀过一胎无脑儿，现在怀孕了，很担心这？之前怀过一胎无脑儿，现在怀孕了，很担心这一胎又会这样，请问有做什么检查可以尽早知道是否畸形。	孕期检查，如果有条件，最好每月检查一次，如果情况不允许，可进行重点检查。一般而言，做b超对宝宝影响不大，是可以适当进行的，一般至少需要做4次b超，孕12周时确定宫内妊娠，排除异常妊娠。妊娠18-20周，核对孕龄，排除胎儿畸形。孕32-36周时，了解胎儿发育，再次排除胎儿畸形。到了预产期或已经超过预产期2周未分娩者，再行一次b超检查，主要是了解胎盘成熟度情况，羊水量及性状，间接了解胎盘功能，从而决定是否可以继续妊娠以及决定分娩方式。另外还需要根据情况进行其他检查的，如16-18周进行唐氏筛查等	1	畸形	b超
孩子晚上咳嗽怎么办？七岁女孩，一到晚上就咳嗽，白天不怎么咳，一咳就要呕吐，是什么原因	建议通过抽血检查HCG来明确是否有怀孕，这是目前最早最准确的检查方式。希望我的回答对你有所帮助。	0	咳嗽	HCG
每次月经呈暗红色，这次为鲜红色，而且还有腰痛，痛经伴随，也有种想呕吐	建议吃艾附暖宫丸，那是月经来前的一周开始服用，用到经来的第二天。每月吃10天，吃3个月进行调理。另外，要养成良好的饮食习惯，多吃新鲜果蔬、多吃高蛋白类食物，多喝水，补充身体所需的水分，同时多参加各种运动，增强体质。生活要有规律，不要经常熬夜．	1	腰痛	艾附暖宫丸
阴茎被踢会怎么样12岁有没有事呀	朋友，小儿的贲门功能是还没有发育完善的，所以吃奶后如果剧烈活动或咳嗽等就有可能出现呕吐。建议你每次不要吃得过饱。喂完奶后，最好让孩子趴在大人肩上，用手轻拍孩子背部，可使吸进去的空气跑出来。喂完奶后，抱起和放下孩子时动作要轻，活动度要小些。	0	阴茎	贲门
我生完孩子以后就得了一个痔疮，我以前大便挺规律的，最近上厕所我都开始发愁了，老是便不出来。因为我喂奶，又不可以吃药，也不知道平时应该怎么注意饮食。	痔疮患者平时最要注意的就是不能吃辛辣等刺激性强的食物，还有不能着凉，平时可以多饮水，多吃点水果和新鲜的蔬菜，可以喝点蜂蜜，每天早上起来养成排便的习惯。多吃卷心菜也很不错，可增进食欲，促进消化，预防便秘，治疗痔疮，是肛肠患者的有效食品。	1	大便	卷心菜
头颅CT平扫：1、右侧额颞区颅板下薄层高密度影，考虑硬膜外血肿可能性大。2、纵裂及部分脑沟内密度略增高，不除外蛛网膜下腔出血。3、左侧枕顶部皮下血肿。4、左侧枕顶区局部颅骨骨质欠规整。，诊断为：危性闭合性中型脑损伤、挫裂伤，住院治疗13天，输液丹参、小牛血清云蛋白等，出院后仍有头晕，请问吃什么药？	你的情况可能是贫血、低血压、低血糖、营养不良等。贫血常见的症状有头晕乏力、心慌气短、食欲不振、皮肤粘膜苍白、指甲扁平等。建议在医师的详细检查后，在用药治疗。:建议去医院做检查，如血常规、血糖、微量元素等，确诊后做相应的治疗。饮食要规律，营养要全面，避免挑食。注意锻炼，增强体质	0	头颅CT	贫血
月经推迟，试纸第二道线迷糊？我怀孕了吗？我月经推迟五天了，用试纸测了一下，第二道线太迷糊了，好像有，好像没有，看不清，请问我是怀孕了吗？	这个肺炎的情况，是需要输液效果比较好的。输液治疗也是需要一周左右的，如果用药效果很慢，更是不利于孩子的成长的。建议要积极的进行抗炎治疗为好的，做好复查。	0	none	none
小孩流鼻血吃什么好得快？小孩流鼻血吃什么好得快。	孩子流鼻血在排除了全身性疾病以后，一般来说都是由于缺乏维生素或喜欢挖鼻导致的，建议你可以给其补充维生素和教育孩子改正不良的习惯就可以了。	1	鼻血	维生素
到大姨妈来的时间了，可是腰酸腹痛总是下不来？该去看中医吗？	痔疮这一般是不会导致不孕的，建议你积极的治疗。首先要保持大便通畅，进食易消化、少含渣滓的食物。饮食应粗细搭配，少饮浓茶、咖啡、酒类及少进辛辣食物，以减少对肛管的刺激。便后要温水坐浴，局部应用痔疮栓或痔疮膏。根据病情的不同，可以采取注射治疗、冷冻治疗及物理治疗。	0	腰酸	大便
四肢肌肉疼痛这个问题已经困扰了我好多年了：不论什么天气，即便是炎热的夏天，经常感觉四肢肌肉疼痛，并有肿胀感。贴张追风膏，感觉疼痛出热乎乎的感觉，一会儿症状消失。活用拔火罐也可以缓解症状。不知是什么原因。有的大夫说是风湿病，但我的关节不疼，就是四肢肌肉疼痛。	拉伤常见症状为局部肿胀、疼痛、瘀斑、肢体活动受限等。病因病机为外力作用，损伤筋肌骨骼，导致经络阻碍，气血凝滞。所以活血化瘀是最重要的。最好外擦活血膏，同时建议注意休息，可以改善。	0	四肢肌肉	肿胀
这种行为会不会感染艾滋病啊这几天感冒了今天去打的点滴，在一家诊所打的，输液用具全是新的一次性的，就在打完拔针的时候我没按住，出血了我就用手又按了一会，当时就想我的手触碰到椅子的坐垫和椅子背椅子把手这样在触碰那个出血的地方去按会不会感染啊艾滋病会不会感染艾滋病啊	你感染的概率是很小嗯，不用特别的担心。你碰到的凳子和椅子上不一定有血液，还有不一定有艾滋病人来过。即使有血液在你和上一个接触的时候也有一段时间啦。现在安心的学习和工作，如果有发热等长期不适的话再就医。	1	出血	艾滋
腹泻浑身无力体重减轻请解释一下何为克罗恩病（）	一般不要打针，多喝水，吃点抗病毒的中成药就是了，一般3-5天自然就好，宝宝不要一生病就输液，这样抵抗力会大大下降	0	腹泻	none
请问肺鳞癌病人验血是阶梯组织具体是什么意思？求解释。寻医问药有问必答做过枷马刀一年多这毛病治方法	考虑是化疗药物引起的症状的，需要你到医院给予检查，确诊后可以给予对症治疗的建议你到医院给予复查一下，根据复查结果给予对症治疗的	1	肺鳞癌	none
今天七月以来，我四肢冷痛，体检无其他发行	孕妇可以吃，不会引起上火的。孕妇要多摄入一些营养，水果类可以多吃一些，但一定要营养均衡。	0	四肢	none
手足口病有疫苗接种吗？	没有的，手足口病大多数病例症状轻微，主要表现为发热和手，足，口腔等部位的皮疹或疱疹等特征，如果没有合并症，手足口病患儿多数一周即可痊愈。治疗原则主要是对症处理，可以服用维生素B，C及抗病毒药物预防则是注意小儿卫生	1	手足口病	发热
孕妇怀孕八个月半小便后有黄色东西出现怎么回事	白带异常是妇科炎症的一种临床症状，常见于滴虫性阴道炎、霉菌性阴道炎、子宫颈炎、子宫颈息肉、子宫内膜炎等。但临床上多见的还是滴虫、霉菌及细菌性的阴道炎。考虑是阴道炎、子宫内膜炎等可能，建议可以做下白带常规检查确诊后对症治疗。平时注意卫生，勤换内裤，开水烫洗。内裤要在太阳下晾晒，防止细菌滋生少吃辛辣生冷食物。	1	小便	白带
全部症状：肩膀酸经常偏头痛怕冷发病时间及原因：治疗情况：没有	1，肩周炎主要要加强身体的功能锻炼和避免加重疲劳或损伤的各种影响因素注意加强身体的功能锻炼，早睡早起，养成习惯和自然。注意加强活血化瘀和补气补血的药物调理，以改善血液循环和功能状态。注意调节工作时间和强度，避免加重疲劳或损伤的各种影响因素。	1	肩膀	肩周炎
怀孕6周可见卵黄囊未见明显胚芽回声	怀孕42天可见胎囊未见胎芽可以是正常的随着日期的增加可以逐渐出现胎芽如果8周未出现胎芽胎心是先天性胚胎发育不良的表现。	1	卵黄囊	胎囊
体重减轻很多食欲吃中药还可以了5个月吃着补气血的中药打着B1B12吃着西药甲钴安医院诊断周围神经炎该如何治疗最好吃什么样的药该如何治疗家庭农民	治疗肌肉萎缩的方法有：物理疗法，如增加肌力锻炼、步行训练、温浴、推拿、按摩等。康复疗法：有针对性地选择锻炼的方法。也可以服用中药进行治疗。	1	补气血的中药	none
全部症状：右胳膊动不了手指能稍微动下发病时间及原因：2010年07月17锁骨骨折见峡骨骨折治疗情况：现在正在治疗期间	可能是内分泌紊乱造成的，是需要进一步检查的建议你去医院做个性激素的检查，根据病因对症治疗下	0	右胳膊	性激素
麻黄，防风，龙戟草，荆芥，乌梢蛇，全虫，蜈蚣，白芷，薄荷，细辛，蛇床子，高丽参，沉香，金精草。是不是可以治疗牛皮癣？是的话，用法用量又是多少点状红斑，头皮痒浑身痒总想挠	造成女性阴道干涩的原因很多，有精神性和器质性的。精神性的是由于可能缺乏性知识，或性交时精神紧张，前戏的时间不足，缺乏分泌液润滑等所致。器质性的一般是由于生殖系统炎症感染造成的如：阴道炎、宫颈炎、盆腔炎等。建议你先到正规的医院诊断检查确诊，再根据医生的指导进行治疗，以便明确病因，好做针对性的治疗。	0	防风	阴道
有痔疮，医生让坐浴，但来月经了，是不是不能坐浴了？	有来月经的话那么肯定是不可以坐浴了的月经马上要来还有月经刚刚干净的话，也是不可以的，都是容易造成感染阴道炎等的女性月经附近，经期不可以坐浴，月经完全干净后隔一天后在考虑吧	1	痔疮	阴道炎
我有早泄很多年。性交时间很短做过包皮手术。但是不见好转	朋友就你的情况考虑肾虚的，可以吃木耳，黑芝麻等进行食补，药物建议你口服六味地黄丸积极从事体育锻炼，增强体质，并且注意休息，防止过劳，调整中枢神经系统的功能失衡。，平时在饮食上可以多吃点壮阳益精类食品，如蜂蜜、羊肾、狗肾等。	1	早泄	木耳
脸颊上的痤疮好了，但脸里面有红色的相当明显的痘？脸颊上的痤疮好了，但脸里面有红色的相当明显的痘印，怎么办，很影响容貌，真心希望医生能给我最有效最快的方法。谢谢。	一般痘印既可以用药物去除，也可以用激光去除，一般药物去除的时间可能要久一些，，激光的费用要高一些。建议你可以先用去痘印的药物一段时间后，待痘印消退一些后，再用激光去除剩余的部分，这样花费少一些。另外建议你去正规医院将痘印去除，不要去什么美容院。	1	脸颊上	去痘印的药物
我是在去年怀孕的时候得的痔疮到生产完之后痔疮也没觉得太严重现在基本上就是便秘的时候排便时有些疼痛怎么样来缓解痔疮的疼痛呢？	腰椎间盘突出会导致腰部疼痛酸困，也可以压迫坐骨神经也有的患者是压迫股外侧神经引起的腰腿疼痛，建议保守治疗。口服中药独活寄生丸，小活络丸，舒筋活血片，外敷追冯舒筋贴膏，配合牵引按摩复位针灸效果最好。尽量卧床休息，睡硬板床，可以适当的倒走，吊杠。不要弯腰劳动。	0	痔疮	腰椎间盘
髌骨上下肿胀，长期不消退，胫骨和股骨及髌骨有痛感，上楼疼痛蹲下无法起立，有压迫感，请问是什麽病，怎样治疗，吃什麽药好，谢谢你。	根据你以上所述可初步考虑小儿是急性上呼吸道道感染继发肠胃功能紊乱建议在临床医师详细检查下确定再做相应的治疗当前只需对症及支持治疗即可如合理调节喂食补充水分加强护理注意腹部保暖补充维生素等辅以对症治疗如食欲不振腹胀应用胰酶散乳酶生等腹泻应用思密达杜拉宝等经以上措施多可恢复的	0	髌骨	肠胃
全身发烫，头疼，嗓子疼，高烧不退鼻子不通，有痰:	可能与脑供血不足有关，而脑供血不足的常见原因是脑动脉硬化，与高血脂有直接的关系，所以这是一个综合性的治疗，主要是控制血脂，扩张脑血管，改善脑供血。注意低脂饮食，低胆固醇饮食和戒烟酒，多吃蔬菜水果。服用尼莫地平西比灵脑灵素丹参或者肌肉注射：培他定。高血压同时治疗。	0	全身	脑动脉
颅骨骨折属于轻伤还是重伤呢情况这样:闭合性颅脑损伤（中度）右枕骨凹陷性骨折右枕头皮血肿医院下达病重通知单无无无请解答下是重伤还是轻伤以及原因	伤残的轻重鉴定是指劳动功能障碍程度和生活自理障碍程度的等级鉴定有10个等级可以到劳动保障行政部门进行鉴定	1	颅骨	none
我家孩子睡觉不踏实，怎么办	影响小儿睡眠常见的因素有：（1）不良睡眠习惯，睡眠时间无一定规律或睡前由人抱着走动、摇晃或唱催眠曲等。（2）白天过度兴奋或紧张，受惊吓、太热、太闷，蚊虫咬或尿布潮湿等。（3）小儿对梦中的一些可怕事情不能明辨真假，造成恐惧心理而影响睡眠。（4）小儿肠道寄生虫病，如小儿蛲虫病，每晚蛲虫爬出肛门造成瘙痒，影响入睡。（5）饥饱不适，被褥过暖，过厚，使小儿身体产热难以散发，或盖被过少，使小儿受凉。（6）大一点的小儿睡眠不好，常与生活习惯改变和情绪的变化有关。	1	none	肠道
胃疼。难受。怀孕？怎么我算是正常来事的。难受有时不爱吃饭，但不疼不想吐就怎么吃也没事？我是不是怀孕啊？如果是胃病是直接买药好，还是怎么办？	性生活没有避孕月经推迟不排除怀孕的可能在月经周期推迟7天以后就可以用早早孕试纸检查出来的，测试纸上显示两条红线表示阳性，即是怀孕。另外在性生活10天以后可到医院进行血HCG检查，这是检查怀孕最准确的方法	1	胃疼	早早孕试纸
胎儿实际孕周胎儿双顶径36mm，股骨长约20mm，大概怀孕多少天？	考虑胎儿大小符合你的周数左右，发育是正常的。建议现在怀孕近周加6天，说明胎儿发育与实际孕周是相符的，是正常的。	1	双顶	none
我患腰椎间盘突出已有八年了，主要症状是晚上腰疼得不能入睡，几乎每月都要疼十天左右，不知如何治疗才有效果。	腰椎间盘突出症是纤维环破裂后髓核突出压迫神经根造成以腰腿痛为主要表现的疾病。腰椎间盘突出症患者最多见的症状为疼痛，可表现为腰背痛、坐骨神经痛，典型的坐骨神经痛表现为由臀部、大腿后侧、小腿外侧至跟部或足背的放射痛。非手术疗法是治疗腰椎间盘突出症的基本疗法，约80%以上的患者经保守治疗均可得到缓解和痊愈。主要有推拿，理疗等。若非手术治疗后症状无法缓解，建议行手术治疗，谢谢。	1	腰椎间盘	腰椎间盘
我的小孩把耳静给弄破该怎么办？？？？？？？？？？？？	如果伤口过大，需要及时止血处理，可压迫止血，及时到医院进行缝合处理，如果伤口不大就没关系，自己慢慢就会愈合要保持伤口处清洁无污染，可进行消毒处理，或者纱布包扎处理	1	none	none
如何防止自发性气胸的复发？	这样的孩子是属于上呼吸道感染，有可能是支气管肺部炎症。最好是去医院一次，胸部听诊检查，确认是否存在问题，之后抗菌素静脉注射治疗会很快就好了具体请就诊后谨遵医嘱进行治疗，不要擅自服药	0	气胸	上呼吸道
缺血性脑卒中最佳治疗方法。脑卒中一个多月了，左身偏瘫，前期有结合针炙治疗了十几天，后期用天然生物调理的微络康，正在逐步好转中。缺血性脑卒中最佳治疗方法。	脑梗死又称缺血性卒中，各种原因所致的局部脑组织区域血液供应障碍，导致脑组织缺血缺氧性病变坏死，产生神经功能缺失表现。分为脑血栓形成、脑栓塞和腔隙性脑梗死等主要类型。建议，脑梗死​属于急症，也是一个高致残率及高致死率的疾病。争取超早期治疗，在发病4-5小时内尽可能静脉溶栓治疗，在发病6-8小时内有条件的医院可进行适当的急性期血管内干预。调整不良生活方式，控制基础病，主要还是靠自身的锻炼。	1	缺血性脑卒	脑梗
X光线透视胸部能检查到肿瘤吗？	能够筛查易见的形态较大的肿瘤，胸透的优点就是看到的功能器官都是活动状态下的，但更细微的病灶，还需要CT或者MRI才能发现。	1	胸部	CT
孕妇怀孕出现脉络膜囊肿怀孕4个半月了检查出有脉络膜小囊肿对胎儿有生长发育影响吗？	脉络膜小囊肿如为单侧且直径不大，未合并其他器官问题多无太大意义，不用担心。你这种情况如果没有其他症状，对胎儿生长发育没有什么影响的。	1	脉络膜	脉络膜
破腹产后出月子大便便头干，后面是软的，后面导致痔疮发排便痛苦不堪，后看中医，医生开了几幅熬水的中药，很多种类，其中有大黄，我听说吃了大黄以后有依赖性不吃便秘症状会更严重，现在不知道该不该吃有每天喝蜂蜜水，梨子苹果，蔬菜，没有吃辛辣和发的，也喝很多水我听说吃了大黄以后有依赖性不吃便秘症状会更严重	建议高锰酸钾液清洗后温水坐浴，每日两次，可以用点三七化痔丸和马应龙痔疮膏进行治疗的，在饮食上应注意多吃水果蔬菜，少吃油煎油炸及刺激性食物。保持大便通畅，	1	大便便头	高锰酸钾液
跟男朋友在一起三个月了，我在外面发生过一次性生活我跟我男朋友天天都过性生活，结果发现怀孕我都忘了具体是哪天是在外面的那次你说我会怀上外面那个男的吗就一次:	怀孕是在排卵期，也就是下次月经之前的14天建议自己根据月经周期计算一下排卵期的时间就可以的	1	none	none
宝宝二十天哭闹了一天宝宝今天哭闹了一天，睡觉也就10分钟最长，吃母乳，喂奶吃吃就哭，抱着也哭，有时候自己打一个大嗝，有时候放屁，体温37度，是怎么回事	对于骨质增生，可以到医院就诊。如果疼痛的比较厉害，可用亚麻仁敷袋热敷。勿吃任何柳橙类水果，尤其是橘子、橙子。也避免糖、酒、咖啡	0	哭闹	疼痛
我皮肤不能碰，一碰就有抓痕，打过针吃过药，也打过点滴，可是也只能管两天左右，痛苦，刚刚网上收索了一下，跟下面描述的很想，该怎么办？皮肤划痕荨麻疹/人工荨麻疹患者对外来较弱的机械刺激引起生理性反应增强，在皮肤上产生风团。患者在搔抓后，或在紧束的腰带、袜带等出局部起风团，瘙痒。	你的这个是典型的荨麻疹，这个没有特别好的药物彻底根治，只能避免减少这方面的刺激。平时不要吃辛辣刺激性食物，不要吸烟喝酒。	1	皮肤	荨麻疹
怀孕16周左右感受到胎动了，17周多明显些了。前两天同房后胎动变的不明显了，怎么回事。今天18周了。已经三天没明显胎动。有问题吗？要做什么检查？	可以的可以去咨询一下，引起改病的原因是多方面的，不过多见于长期反复的便秘，一般表现为便时便后出现，疼痛，常伴有肛门瘙痒，潮湿不洁等。建议你平时注意规律饮食，多吃蔬菜水果，少吃辛辣刺激性食物，保持大便湿润柔软，利于排出。避免久坐，劳累，注意休息，可以用花椒水热熏温洗，有助于缓解，如果反复发作，做好去医院肛肠科具体检查一下，根据检查结果指导用药及决定手术与否。	0	none	便秘
我08年动手术检查出有梅毒，长效青霉素治疗过，体内有梅毒抗体，几次检查是阴性，老公跟我同时检查的，他没有梅毒，现在我男朋友龟头破损，有疼痛感，请问是不是我传染给他了用过长效青霉素会不会传染	梅毒如果经过正规、彻底的治疗后是可以治愈的，包括临床治愈，即损害愈合，症状消失，但梅毒血清阳性。血清治愈，梅毒血清转阴，你已经是临床治愈和血清治愈。这种情况一般是不具有传染性的。建议你的男朋友及时到正规的医院进行就诊和检测，且你自己也要再做一次检测。并建议你在今后的生活中保持健康的生活方式，性生活中正确使用高质量的安全套。	1	长效青霉素	none
怀孕38周+5，突然发现脚肿了，早前没有这种症状。一直坚持检查。各项指标都正常是否有问题？是何种原因造成的	建议遵循临床医嘱就可以了。非常感谢你对我们网站的信任与大力支持	0	脚肿	none
两岁小孩癫痫只发一次能治好吗、	癫痫病是一种慢性大脑疾病，每次发作均都是大脑异常放电导致的。癫痫的发作会对正在发育时期的儿童造成伤害，影响儿童智力，严重时会导致患者的性格突变，智力降低，记忆力出现问题，所以大人们一定要重视不能疏忽。癫痫大发作时呼吸道分泌物较多，易造成呼吸道阻塞或吸入性肺炎。所以自大发作开始，应将病人的头侧向一方，以便分泌物自然流出。并将病人颈部的扣子解开，以保持呼吸道通畅。	1	癫痫	大脑
医生我上次例假来是8月16号，可今天都9月23号了例假还没来，怎么回事啊？我还是8月5号ML的。	月经提前或者推迟一周都属于正常现象。如果超过10天或以上还不来月经，建议你可以用早孕纸测试或者到医院查血HCG确诊。排除怀孕的情况就考虑是月经不调，需要做个内分泌检查明确病因	1	none	早孕纸
后背起了好多小红疙瘩，阵痒，才起3天，疙瘩没有脓水，没有粉刺，怎么样解决啊	根据你的叙述应该是过敏性皮炎可能跟接触的东西有关，禁辛辣食物，可以口服抗过敏药物及外用炉甘石洗剂和尤卓尔软膏	1	后背	过敏性
我做了人工流产不到一个月现在恶心想吐尿多嗜睡这是怎么回事？	人流手术后的症状主要表现有1、腹痛：少数女性在人流手术后会有腹痛的症状，腹痛一般在一周左右会消失，如果腹痛特别严重且腹痛时间超过两周的话必须及时到医院做相关检查并及时治疗。2、阴道出血：部分女性在人流手术后会有阴道出血的症状，阴道出血一般在一周左右的时候消失，并且流血量和腹痛的剧烈程度都在可以承受的范围之内。但是如果人流后阴道出血的时间超过两周的话就必须及时到医院做相关检查并治疗。如有恶心呕吐看是不是吃东西不注意引起的肠胃原因，如果不是建议你去医院再次检查，进一步确诊。	1	恶心	腹痛
左上下肢无力现在不知道怎么治疗请问贵院能做这个手术吗因为是在颈部脊髓里面	左上下肢无力一般的是由于腰椎的情况导致的基本上颈椎引起的是上肢的障碍最好进一步的进行检查	1	左上下肢	左上下肢
左肩疼痛左臂胀痛拇指食指发麻左肩疼痛左臂胀痛拇指食指发麻	朋友，膀胱炎是临床常见，多发的感染性疾病，具有顽固性和迁延性，治疗时间长，复发率高，主要表现为尿频，尿慢，尿痛，血尿，脓尿，腰腹酸痛等。这些症状可见于西医很多疾病中，如慢性肾盂肾炎，膀胱炎，前列腺炎，尿道炎等。西医首选抗生素治疗。如磺胺甲基异口恶唑（SMZ）2。0g甲氧苄氨嘧啶（TMP）0。4g，碳酸氢钠1。0g，一次顿服。或复方新诺明5片或羟氨苄青霉素3。0g，或甲氧苄氨嘧啶400mg顿服，尽管西药见效快，但是毕竟化学药品对会人体产生毒副作用，更容易产生耐药性，易反复。应该	0	左肩	腰腹
我大便时出现少量血伴有疼痛，是肛裂吗？看了一下有一道裂疤	从你的病情来看考虑患有肛肠疾病，如果要明确诊断，建议去医院做肛肠科检查，并根据病情进行治疗。	1	大便	none
半个月前开始，头晕头重，恶心，有时伴有短暂眩晕眼前一黑，大概持续一两秒。照脑ct有点阴影	主要是排泄代谢太快解决办法1。补充生理盐水2。适度的运动3。少吃辛辣食物4。不要再紧张刺激的环境里单纯的喝白开水不利于水分的吸收，还应适当加些维生素或盐，糖等，这样水分在体内保持的时间才能长一点，吸收才好。	0	头晕	生理盐水
我现在做手术五个月了当时是腰椎滑脱用的是腰椎容合器请问我想取出来行吗？	会导致的，如果怀疑自己有可能感染艾滋病病毒时，应尽早到有条件的在医院，当地卫生防疫站或其他指定的卫生部门去作艾滋病病毒抗体检测。以确定是不是感染了艾滋病病毒。现在疾控中心都是免费检查而且保密。即使是有艾滋病也是单向通知病人本人。病人本人自己决定是否是通知自己的家属。检查后没有问题也好解除你的焦虑啊。	0	腰椎	艾滋病
全部症状：肛门潮湿，色黄有臭味发病时间及原因：6个月左右治疗情况：没	1、排便不畅：这种症状是很多肛肠疾病的症状，如果复杂性肛瘘口久不愈，可引起肛门直肠周围形成大的纤维化瘢痕或环状的条索，影响肛门的舒张和闭合，这样就导致了肛瘘患者排便困难，有便意不尽的感觉。2、肛门瘙痒：由于脓液不断刺激肛周皮肤，常感觉瘙痒，肛周潮湿不适，皮肤变色、表皮脱落，纤维组织增生和增厚，有时形成肛门湿疹。3、疼痛：瘘管通畅无炎症时常不感疼痛，只感觉局部发胀和不适，行走时加重。当瘘管感染或脓液排出不畅而肿胀发炎时，可引起疼痛。内瘘时常感到直肠下部和肛门部灼	1	肛门	肛门直肠
小孩龟头有炎症，脸上疱疹还没好的情况下能不能打乙脑减毒疫苗吗	要考虑包皮龟头炎，口服罗红霉素，同时配合高锰酸钾溶液清洗。建议经常清洗包皮和阴茎头，保持包皮腔内清洁和干燥。如有包皮过长或包茎时应行包皮环切术。	1	龟头	包皮龟头
3月16日末次，5月1号去医院检查，没有发现胎芽胎心，心里害怕，检查结果是:子宫:前位，宫体61*46*55mm，体积增大，形态饱满。宫腔内见孕囊11*9mm，内可见卵黄囊。提示是宫内早孕。不过心里害怕B超检查，孕酮抽血检查怀孕检查没看到胎心胎芽怎么回事	按你的末次月经算，怀孕46天，天数较少，一般胎心胎芽是在50天左右可以看到。建议放松心情，一星期后复查B超，孕早期需口服叶酸片，注意加强营养，适当活动就可以了。希望我的回答能帮助到你	1	子宫	B超
子宫癌化疗后有什么症状	采用以手术和放疗为主、化疗为辅的。普及防癌知识，开展性卫生教育，提倡晚婚少育综合治疗方案。早期发现及诊治宫颈上皮内瘤变，阻断宫颈浸润癌发生	1	none	宫颈上皮
我爱人得了阴道炎阴部痒和妇科炎症，请问怎么办？用什么药物可以治疗。	建议你可以口服：逍遥丸和谷维素有一定作用。也建议你多吃大豆，蜂蜜，蜂王浆而且一定要自己制作的豆浆才是真正有作用的啊。他里面含有生物样的雌雄激素。有很好的减轻不舒服的症状作用的啊。	0	阴道炎	逍遥丸
怀孕感冒去医院医院开药写着孕妇慎用能不能用	怀孕期间感冒建议你可以吃感冒清热颗粒，这个药是中成药，很安全的，对婴儿没有什么影响的，要多喝开水，注意休息。	1	none	感冒清热颗粒
最近我右脚感到无名的疼痛，是怎么回事？	脚痛，一般有几种可能，一是趾腱筋膜炎，疼痛的部位靠脚掌前面一点。二是跟骨骨刺，考虑是肢体远段缺血引起，可注意休息，应用B族维生素营养神经，晚上可以用热水洗一下，夜间避免受凉	1	右脚	脚痛
便秘吃香丹清有用吗。香丹清吃了多人体有害吗	便秘多由于生活不规律、饮食不均衡等导致。应避免过食煎炒，酒类，辛辣等食物，亦不可过食寒凉生冷食物，宜多食粗粮蔬菜，可以适当服用清胃黄连黄丸、新清宁片、五子润肠丸等。	1	香丹清	便秘
问题：一只耳朵嗡嗡响。请问吃什么药	一般怀孕期羊水深度正常范围3-10cm，少于3属于羊水过少，大于10属于羊水过多。羊水多者有一部分胎儿正常，有一部分羊水过多则胎儿有畸形。你属于羊水偏多，如B超显示胎儿无畸形，那你不必担心，如没感到腹压高，肚子难受可不用处理。	0	none	畸形
身上长红包。很痒。身上长红包，很痒，抓了就越痒还变大。每天还冒二到三颗。帮帮我吃了医生开的Ca还有氯雷他定，荆肤止痒颗粒，自已还买了阿昔洛韦擦。可每天还是冒新痘出来。求解谢谢。一个星期了大概多久能好	考虑是过敏引起的荨麻疹。过敏原很多如药物，食物，花粉，粉尘，动物毛发等。建议行抗过敏治疗。如口服扑尔敏，强的松，维生素C，钙片。也可去医院推葡萄糖酸钙，或肌注强力解毒敏。局部可涂抗过敏药膏如39皮炎平。清淡饮食，不吃蛋白质高的食物和海鲜。	1	身上	扑尔敏
脑供血不足的头疼怎么缓解检查后给了盒诺迪康吃啥药可以缓解	可能和脑供血不足有关，有可能是脑血管的问题。建议就诊神经内科，做一下脑血管的磁共振检查，明确是否有血管问题	1	头疼	脑血管
能不能用不挂水的方式治疗宝宝太小怕影响健康感谢医生为我快速解答――该如	梅毒是可以经过胎盘垂直传播给胎儿的。因为早期梅毒孕妇体内有大量的梅毒螺旋体，传染性强，妊娠后将有50%的胎儿未足月死亡或虽足月但生下来是死婴，称为死胎或死产。另50%生下来皆为患梅毒婴儿。若是早期潜伏梅毒的孕妇，因其临床没有任何表现容易被忽视，其实在孕期内同样具有传染性，怀孕后的后果是20%生下死胎，40%的婴儿患有梅毒，仅20%可能是正常的婴儿梅毒孕妇所生的婴儿，必须在出生时、生后第一个月、1岁内每隔3个月，1-2岁内的每半年作梅毒血清学检查，证实阴性才能放心，出现阳性则应作治	0	none	胎盘
我想问一下我父亲腿不好走路走时间长了就感觉自己是长短脚。有时候腿还会痛，是怎么回事去医院看了之后吃了医生开的药就由大腿痛转为小腿痛了是怎么回事？去检查了医生说是小问题吃点药就好了开的药名是三维B片吃什么药好	朋友别担心，这种情况一般情况属于痔疮导致的现象，建议你最好注意卫生清洗，不要上火的啊	0	大腿	痔疮
胃病是不是很严重？？不吃饭就痛，吃饱了也痛，这是怎么回事。	这个是因为你有浅表性胃炎造成的。你要注意定时进食。还有就是服食胃复安帮助缓解。不要吃辛辣刺激食物，以及就是吃些面条	1	胃病	浅表性胃炎
4岁小孩脸一边大一边小怎么办	患者是肝癌晚期，身体发软无力，腹胀，腹部发热，有少量腹水，精神尚好，消化通畅，全身无疼痛，考虑患者的病情，建议患者采用特异性抗肿瘤免疫疗法，特异性抗肿瘤免疫疗法靶向杀伤肿瘤细胞，更具有针对性，同时在不影响正常细胞的情况下提高机体免疫力，有效预防肿瘤的转移和复发。	0	none	身体
我怀孕九个月了双顶径8。9股骨长6。8胎心动143次/分羊水最深约8。0请问我的宝宝有多重，还有多久生	胎儿的双顶径和股骨长很呈比例。径线也在正常范围。虽然径线稍小点，但是自己算的孕周也不一定准确。	1	双顶径	双顶径
吃饭总是噎到是怎么回事？我爸吃硬米饭总是噎到，吃软一点的就不会噎，这种情况已有三年了吧，请问是怎么回事？除此之外身体状况都挺好的	抽搐是不随意运动的表现，是神经－肌肉疾病的病理现象，表现为横纹肌的不随意收缩。引起抽搐的病因病机主要有热毒内盛，风阳扰动、风毒窜络、阴血亏损等方面。常见于脑系疾病、传染病、中毒、头颅内伤、厥病类疾病、子痫、产后痉病、小儿惊风、破伤风、狂犬病等病中。临床对以抽搐为主病的病种尚不能确定时，可以抽搐待查作为初步诊断。针对病因积极治疗原发病来预防。例如癫痫病人需按医嘱服药，如果突然停药，即使是1天~2天，都会导致癫痫抽筋的发作。患者应尽早联系医生，医生会根据患者详细病情，为患者量身制作治疗方	0	none	抽搐
怀孕40周，胎盘2级，羊水清澈，什么时候生？	考虑是怀孕见红，估计先兆流产的情况建议你应该注意休息，尽量的不要总是活动，应该去医院做b超检查一下是否还有胎心，必要时可以肌注黄体酮	0	胎盘	b超
我最近总是左肋骨疼痛问医生说我得了痹症不知道啥叫痹症吃点什么药呢吃点什么药呢	右侧肋骨下疼痛考虑肝胆疾病需要做肝胆超声及化验肝功而左侧肋下疼痛一般为胰腺和脾脏的问题也是需要超声检查的	1	左肋骨	右侧肋骨下
全部症状：有时候胃里会泛酸水发病时间及原因：治疗情况：没有治疗	面瘫可以采取针灸、理疗等方法治疗，另外可以使用可以采取牵正散、复方牵正膏等药物进行治疗，可以到正规医院神经外科就诊检查，根据具体情况采取相应的治疗。治疗期间忌烟、酒、辣椒等辛辣之品，避风寒，冬天外出最好围上围巾	0	胃里	牵正散
胸痛最近老是咳嗽前几天胸痛的时候全身发热:	这个季节宝宝腹泻的比较多，它是由于肠道病毒感染引起的。建议你给宝宝补液，预防脱水，给宝宝口服点药物，如思密达，葡萄糖酸锌片，婴儿健脾散，整肠生等，5到7天就会好的。	0	胸痛	腹泻
我得急性脊髓炎一年多了一直大小便失禁，到处求医无效，请问能恢复吗	要预约的，妊娠期关键不要偏食，饮食尽可能广泛多样化，多吃高蛋白优质蛋白食物多吃蔬菜水果，不要喝酒咖啡，戒烟，不要接触有毒物质和辐射源	0	急性脊髓炎	none
女性，45岁，请问手脚冰凉是寒体体质还是肾阳虚，怎么样治疗或调理没有治疗过现在想治疗	根据你的情况分析，手脚冰冷要考虑是阳虚体质，可以选择调补阳虚的药物来对症治疗。你的这种情况，建议你可以服用调补阳虚的药物，比如右归丸，或者是金匮肾气丸，平时需要注意饮食，可以多吃狗肉和羊肉等。	1	none	手脚
23价肺炎球菌多糖疫苗多长时间接种一次？	朋友，你描述的情况1：640属于中风险，注意做好检查的，还要进一步做羊水穿刺和胎儿染色体检查才能明确诊断。	0	肺炎球菌多糖疫苗	羊水穿刺
全部症状：盆骨骨折发病时间及原因：3月2日摔跤治疗情况：手术	饮食配合原则上以清淡为主，如蔬菜，蛋类，豆制品，水果，鱼汤，瘦肉等，忌食酸辣，燥热，油腻，尤不可过早施以肥腻滋补之品，如骨头汤，肥鸡，炖水鱼等，后边可在初期的食谱上加以骨头汤，田七煲鸡，动物肝脏之类，以补给更多的维生素A，D，钙及蛋白质	1	盆骨	燥热
全部症状：L4/L5突出，发病时间及原因：腰痛，做检查得到的结果治疗情况：针灸和小针刀手术，现在又痛了，和以前一样	主要髓核破裂压迫神经导致腰腿疼痛表现，治疗应该舒筋活血通络止痛可以针灸，推拿牵引，小针刀，内服中药调理。平时应该要以倒退锻炼腰肌肌肉，或背飞运动，	1	L4/L5	破裂
人工流产后腹部剧烈疼痛我是4月3号做了人工流产，4月23号做B超检查流产做单位很干净，然后5月9号腹部剧烈疼痛伴有虚弱多汗的症状，想知道是怎么回事？	鼻窦炎主要表现为鼻塞头痛和头痛，还有的伴有发热。头痛的原因是脓液刺激窦口或者毒素吸收引起的治疗是控制炎症，通畅引流，除了抗生素还应该使用激素和血管收缩剂，如果保守治疗效果不佳可以做穿刺和鼻窦负压置换	0	腹部	鼻窦
枕头枕多高为好，我晚上睡觉，，脖子可累了？枕头枕多高为好，我晚上睡觉，，脖子可累了，把枕头拿了轻松一会，一会又累了，枕上还疼。	怀孕六个半月，胎儿的双顶径是6。4厘米（符合怀孕26周），股骨径4。9厘米（符合怀孕26周），这个结果提示，胎儿稍微小一点的。定期做产前检查，增加营养，多吃高蛋白饮食，一定量的脂肪，足够的碳水化合物。适当的补充微量元素。	0	脖子	双顶径
三种药可以同时服用吗？请问葡萄籽芦荟软胶囊，番茄红素，维生素e可以同时服用吗	是由于肾阳虚衰，温煦失职，气化失权所表现的一类虚寒证候，称为肾阳虚证。枸杞、生姜、牛奶泡脚固然好，但需要长期坚持才能见效，且费用高，建议以食疗为主，吃温补肾阳药膳。	0	葡萄籽芦荟软胶囊	生姜
生孩子后胸部太小萎缩怎么办？有什么食疗法吗？有没有中药可以吃了丰胸的吗？	丰胸木瓜含有丰富的木瓜酵素和维生素A，能刺激女性荷尔蒙分泌，有助丰胸，豆制品含有大豆异黄酮可以平衡体内激素水平，所以适当食用对丰胸有效。建议坚持对乳房的保健，定时对自己乳房以乳头为中心向外顺时针旋转按摩每次不得少于15分钟按摩时两个乳房应该交替进行促进血液循环。	1	胸部	木瓜酵素
经期推迟一个礼拜验孕棒一条明显，一条不仔细看看不出，隔天就来月经了，肚痛量少，腰很酸是怎么回事	这个情况引起月经失调的原因很多，多考虑内分泌失调，炎症所致的，可以检查性激素六项和B超检查，做人工周期进行调理治疗的	1	肚痛	性激素六项
甲减的主要症状有哪些？主要禁忌哪些食物？	甲状腺功能减退症的临床表现，主要表现为一些低代谢状态的症状，比如，乏力嗜睡，精神倦怠，心动过缓，浮肿，畏寒怕冷，胸腔积液，将积液或者心包积液，皮肤粗糙等等好多症状。患者在日常的生活中要调整患者的体重，甲减患者因水肿，导致体重增加，因此，日常生活中应通过调整饮食使患者的体重逐步趋于正常标准。患者在日常的生活中要合理的进行饮食，要所吃一些碳水化合物，高维生素，高蛋白、含碘量高的食物，并且适当进食一些纤维素多的食物。	1	none	乏力
肚脐下面痛，腹泻，没有拉稀。	朋友包皮过长会导致早泄。由于平常龟头粘膜隐藏于包皮下，龟头粘膜平常受到的摩擦、刺激较少，使得龟头粘膜的神经感觉过于敏感。也会导致男性生殖器炎症：包皮垢、包皮龟头炎，尿道炎等，也会影响到性生活质量。建议如果包皮过长的话，最好还是最包皮环切除术，以免影响日后生活。	0	肚脐下面	龟头粘膜
外阴唇上面长了一层小疙瘩，有点像痱子一样，有的像小米一样，不疼不痒，有两年了，最近小阴唇两边起了一些像痱子一样的，有些痒，有些热疼，是什么病，尖锐湿疣吗	根据你的描述有可能是假性湿疣，可以上传图片或者去医院检查看看。	1	外阴唇上面	none
气管炎史10年，现在夜间不让睡觉。上不来气咋办没有检查过。但是经常治疗想问一问，究竟是什么病。	先去医院检查，看胎儿的发育，并根据胎龄让医生建议你选择合适的方法。建议一般来说对你的身体影响不大，但还是多注意最好。	0	气管炎	none
偏头痛带眼睛往外鼓，还恶心呕吐	偏头痛发生可能与食用含酪氨酸的食物有关，如乳酪、巧克力、啤酒及高脂类食物，应尽量少食或不食上述食物。忌食辛辣发物及烟酒。宜食清淡可口、易消化吸收的食物，多食新鲜蔬菜和水果，应保持大便通畅。	1	偏头痛	头痛
最近我的左眼痛，有时左边头，和鼻子都痛。左边眼睛周围也痛。好像有微小的耳咛。	朋友。你这种情况考虑是左侧鼻腔鼻窦的炎症到中医咽喉科用舒风通络，健脾除湿，益气通窍，活血化淤，软坚散结，等中药粉剂直接作用到鼻腔，结合内服中药，既不手术，效果很好，无毒副作用。	1	左眼	左侧鼻腔鼻窦
孩子5岁了，晚上老是磨牙，吃肠虫清也不好，怎么办	晚上磨牙与消化不良，积食，胃炎，肠道寄生虫，做梦吃东西等有关。建议找中医辨证用中药治疗。	1	磨牙	胃炎
孕妇分娩后要要修养多久	新分娩妈妈一定也要注意饮食的习惯，也要注意营养的搭配。一定要补充足够热能，因为妈妈在哺乳一般需要50天左右，中要提供大量的能量，所以在哺乳的前提下也要保证自身的身体健康。荤素兼备营养足，补血、补钙、补维生素，也是必不可缺少的条件，妈妈在补充大量营养的同时，不仅可以恢复自身的虚弱，也可通过乳汁向新生儿提供大量营养，有助婴儿发育。	1	none	维生素
面部皮肤过敏怎么办每到换季的时候，特别是春季的时候，我的面部就过敏的非常厉害，经常是又红又痒的，医生给开过一些药，但还是不管用。我想问一下面部皮肤过敏怎么办呢？	皮肤过敏是一种很常见的过敏形式，皮肤过敏症状是发痒，同时也可能会伴有红肿干屑、水泡，或病灶结痂及渗出液等症状。洗脸时最好用流水，且用温水。洗过后，可以用冷毛巾冷敷一下。忌用很热的水。敏感性肌肤要绝对禁止蒸桑拿。不管是干蒸还是湿蒸。	1	面部皮肤	皮肤
我孩子3。5岁了手背上起了小米粒大的疙瘩，密密麻麻的，不知道是什么才起的，想知道那是什么	和说明，这可能是病毒性疙瘩所致的，可能和宝宝近期有过感冒疾病有关的，引起免疫力下降所致的，建议你最好去医院检查治疗会比较好的，这样就可以明确的。在此期间，注意饮食清淡的，忌辛辣刺激腌卤食物的，好好休息，多喝水的，保持乐观积极的心态的。	1	手背上	感冒
2岁多的孩子，你说的合理饮食适当运动，怎样是合理饮食适当运动	你这个检查的孩子的大小已经是成熟的了，这个时间是可以考虑生的了，但是也可以考虑等的不过胎盘的功能不是很好的了，就算是等的话，这个也不建议是等的时间很长的了，你可以遵照医嘱住院的	0	none	胎盘
母乳的孩子拉肚子今日早上产妇肚子疼，上午拉稀，中午又肚疼拉稀，昨晚母乳小孩，孩子今中午也拉稀，跟水似的。（出生5天）是否因母亲拉稀，母乳的孩子也拉稀？孩子如何治疗？	这种情况可能是与母亲腹泻有关的，建议吃思密达治疗试试为好，饮食注意清淡易消化。	1	肚疼	腹泻
阴茎勃起不坚，持续时间不长我这是属于肾阳虚还是肾阴虚该吃什么药呢我也不敢盲目的用药	只要在同房后月经来潮，并且月经量与平时一致就可以排除怀孕的情况。建议要注意经期卫生，建议在排卵期同房要注意采取避孕措施，以免意外受孕影响身体。你这次13号的同房是不会导致意外怀孕的，建议你可以放心。	0	阴茎	none
怀孕五个多月那几天胎动挺频繁的今天没怎么动	的情况就是典型的受凉，你平时一年四季都要腿部注意保暖。另外建议你可以去理疗康复科做一下理疗。其次就是生活中注意保暖。	0	none	腿部
哺乳期肛裂？我刚生完孩子，现在在哺乳期，最近一段时间我发现我的肛门部位上厕所的时候有点疼，开始的时候我没怎么在意，以为是便秘，过一段时间就好了，但是过了一段时间还是没有好，我比较担心，就去医院检查了下，医生说是肛裂。请问，我哺乳期肛裂应该怎么办啊？	综上所述，现在怀孕，如果选择手术终止妊娠，那么建议在怀孕45天左右进行检查手术。建议：一般如果选择普通人流手术需要四百左右，如果选择无痛人流需要一千左右人流术后注意保养身体，禁性生活盆浴一个月，注意保暖，避免着凉，避免进食生冷辛辣刺激性食物，注意个人卫生，避免引起炎症感染。	0	肛门部	none
胫骨末端粉碎性骨折，右腿胫骨粉碎性骨折将近两个月，内在固定，最近在做康复，出现的问题是膝盖到大腿肿胀严重，无法弯曲，也没法做康复，请问是什么原因？	根据以上信息分析，颈椎病，做推拿、按摩、牵引的保守治疗，不知有没有手麻的症状的，有没有走路无力的症状的若是有走路无力的症状，建议去医院行颈椎MRI检查的，若是没有上面症状的，继续保守治疗，不能久坐，晚上放低枕头，口服颈复康颗粒促进局部血液循环，放松心情，会慢慢好转的	0	胫骨末端	无力
糖尿病必须一直打胰岛素吗？？我妈妈昨天才检查出来糖尿病，26个，打了一天胰岛素降到8今早上就喝了碗小米粥又升到22这是不是就说明我妈妈以后就长期依赖它了。	反复包皮手术，可以局部清洁卫生，应用苦参洗液，医院泌尿外科检查看看，是否包皮龟头炎等有关，如果阴茎勃起包皮系带短缩牵拉疼痛明显影响性生活可以考虑手术建议饮食清淡，局部清洁卫生，应用苦参洗液清洁，正规医院泌尿外科检查明确，进一步治疗，如果不影响性生活，一般建议尽量避免再次手术	0	糖尿病	苦参洗液
儿童多动症多动症怎样治疗和预防	从你讲的情况来看，你宝宝到医院检查考虑有儿童多动症。建议平时注意培养宝宝良好的学习生活习惯，必要时口服药物治疗如硫必利。	1	none	硫必利
哺乳期服用毓婷对宝宝有影响吗？	哺乳期妇女应考虑到雌激素对乳汁分泌的影响，只宜使用仅含孕激素的紧急避孕专用药（如毓婷），而不宜使用其他任何含有雌激素的避孕类药品。而毓婷是紧急避孕药，含激素成分，在服用药物几小时后会通过乳汁的分泌，引起宝宝激素过高对健康不利建议可以暂时停止对宝宝的母乳喂养两天	1	毓婷	雌激素
全部症状：发病时间及原因：这几天老想尿，头晕晕的没力气，是不是怀孕了。生完宝宝后月经还没来，今早用早孕纸试了显示没有怀孕，还是有些担心不知准么，想去上环治疗情况	根据你提供的信息分析，不能排除怀孕的可能性，建议到医院抽血检查HCG看是否怀孕，希望可以帮到你	1	早孕纸	HCG
我刚生产五天，可以用痔疮膏吗？	可以1年以后做疤痕修复手术	0	痔疮膏	疤痕修复手术
男女双方检查不孕不育挂什么科想要孩子半年多，一直没怀孕，怎么办	1、妇科常规检查。2、排卵的测定。3、内分泌功能测定。4、子宫内膜检查。5、输卵管通畅检查。6、免疫学及遗传学检查。女性做不孕不育检查时最好避开月经期，①从月经第十二天左右开始做B超检查，这样能检查出你是否排卵。②在月经的第五天左右，要空腹抽血做6项检查：促黄体生成素、促卵泡刺激素、泌乳素、睾酮、孕酮、雌二醇。这个检查能知道你的内分泌系统是否正常。③月经结束后第七天左右左输卵管造影，这个检查能知道你的输卵管是否通畅，有无堵塞的现象。不怀孕原因很多，建议最好及时到	1	none	子宫内膜
wo例假推迟好几天了，所以我就贴了麝香贴，为什么也没什么反应	月经不调的原因很多，例如血虚、血瘀、气滞、宫寒等等都是可导致月经不调的。建议去医院内分泌科就诊，针对性服用一些调理内分泌药物治疗如益母草、茯苓等。平时注意饮食清淡。少吃辛辣油腻食物。	1	麝香贴	调理内分泌药物
射精无力，精子是流出来的，而不是射出来的？性交时射出的精都是流出来的，而不是射出来的，这是怎么回事，能治好吗。	癌症手术后容易复发，为了防止复发，中晚期癌症应采用综合治疗，临床上多采用联合放化疗+中医药治疗的模式。一方面可以综合中医西医的治疗优势，一方面中药能够减轻放化疗对人体的伤害，加快患者身体机能的恢复。若身体状况很弱，难以耐受西医治疗，或者西医治疗手段已经不起作用，可单纯采用中医药保守治疗，可一定程度上延长生存期，改善生存质量。而口服八八灵龙德汤不仅为患者节省了去医院就诊的次数、接受治疗的时间，还减轻了与治疗相关的不良反应所带来的痛苦，使癌症患者有更多时间与家人和朋友在一起，提高生活质量。	0	无力	none
去了好多医院一会儿说囊肿一会儿说卵泡每次来月经都会掉一块有小母子一样大的肉还来月经很痛都有五个月了	有可能是子宫肌瘤或卵巢囊肿、宫颈糜烂等妇科疾病引起的，具体情况需要到医院妇科正规检查一下对症治疗	1	囊肿	子宫肌瘤
请问我这个是冠心病的表现吗动态心电图报告：窦性心律，阵发窦性心律不齐，房性早搏6个，室性早搏1个。ST-T未见异常。心律变异正常。	这种情况尚不能诊断冠心病的，一般冠心病可以有心脏供血不足，可以引起ST-T异常的，这种情况可能是心律失常。早搏。建议。这种情况可以查甲状腺功能，心肌酶，心脏彩超等检查了解有无甲亢，心肌炎等疾病，治疗可以用稳心颗粒，心律平，胺碘酮，倍他乐克等治疗，注意休息，避免喝浓茶咖啡。	1	心电图	心脏
全部症状：二月底来月经，至今没有月经。腰困，能做B超吗？	最好到医院检查，排除疑虑	0	腰困	none
盆腔积液，，，，腰疼月经期间可以吃调经药和消炎药一起吃么治疗盆腔积液的	考虑属于过敏性荨麻疹引起的。建议使用维肤膏外涂治疗一段时间。适量多喝水，室内要通风良好。如果不能好转，需要到医院检查治疗	0	盆腔	过敏性荨麻疹
怀孕38周，羊水指数约69mm，双顶径91mm，股骨约64mm，头围约313mm，腹围约303mm，脐带绕颈一周，是否正常，？38周，羊水指数约69mm，是否正常，小孩会不会有什么危险	①头晕，特别是突感到眩晕。②肢体麻木，突然感到一侧脸部或手脚麻木，有的为舌麻、唇麻。③暂时的吐字不清或讲话不灵。④肢无力或活动不灵。⑤与平日不同的头痛。⑥突然原因不明的跌交或晕倒。⑦短暂的意识丧失或个性和智力的突然变化。⑧全身明显乏力，肢体软弱无力。⑨恶心呕吐或血压波动。1。窗户中午打开换气2。中午休息到外面树下或草坪吃午餐并溜搭20分钟再回办公室小睡一会3。长时间做腹式深呼吸4。早上/下午上班下列位置擦抹琥珀能量精油（厦门友人称台湾	0	羊水指	头晕
小腿和手无力，昨天早上锻炼了下，结果手成鸡爪子了	这是一组发病于儿童期、原因未明的运动障碍，表现为反复、迅速、无目的、不自主的单一或多部位肌群收缩。抽动部位常见于面部，如挤眉、眨眼、口角抽动，肩部、上下肢体抽动，和不自主发声或骂脏话。可为简单的局部肌肉抽动，也可为复杂的不自主动作。常伴发注意缺陷、强迫观念和动作、自伤行为等症状。应排除小舞蹈症、肝豆状核变性、癫痫性肌阵挛等脑器质性疾病引起的抽动。不可辱骂或责备孩子，或反复提醒矫正他的这个行为。此病治疗只有是慢慢的恢复。没有好的治疗方法。	0	小腿	面部
早晨起床口苦，双腿无力脚发热	平时要多吃白菜、豆制品、海带、鱼类、酸奶。白菜里含有一种化合物，约占白菜重量的1%，能帮助分解雌激素。豆制品则含有异黄酮，能有效抑制乳腺癌的发生。鱼类含有一种能够有效抑制癌细胞生长和增殖的不饱和脂肪酸，对预防乳腺癌常有助益。海带不但是家常食品，同时也具有较高的医疗价值，对辅助治疗乳腺增生能起到一定的疗效作用。	0	双腿	异黄酮
全部症状：流感感冒发烧打针吃药未好难受发病时间及原因：治疗情况	可以吃点快克感冒药，用于缓解普通感冒或流行性感冒引起的发热、头痛、鼻塞、咽痛等症状，也可用于流行性感冒的预防和治疗。或是加点退烧药一起用，再不行就只能去医院了。	1	流感	快克感冒药
脸部发热发红发痒，一阵一阵的。以前从来没有过，这一个月吃了录雷他定，片开瑞坦也不起作用。以前大便几天来一次。后来看了中医开了几种药吃了作用也不明显，不过大便正常了。吃的药只记得两样防风通圣丸，当归苦参丸。内热血虚导致的皮肤过敏病因是什么、该如何治疗、吃什么药。	你说的情况多是由于皮肤过敏，使用不适的化妆品、食用刺激性食物等引起。建议查找过敏源，避免接触过敏源，注意局部卫生，少吃辛辣刺激性食物，口服扑尔敏、甲氰咪胍、维生素C等药物	1	脸部	皮肤
我这是痔疮吗大夫大便困难肛门有时候还会痒这是痔疮吗曾经治疗的情况，想要得到什么帮助	引起肛门痒的因素很多，如蛲虫，肛门湿疹，体癣等等，因此你必须到正规医院接受相关的检查明确诊断，确诊病因后在对症治疗	1	大便	肛门
脚趾和前脚掌发麻是怎么回事	白血病治疗方法：化学治疗的目的是清除白血病细胞克隆并重建骨髓正常造血功能。两个重要的原则更需明确：（1）长期缓解的病例几乎只见于有完全缓解（CR）的病例。（2）除了骨髓移植可做为挽救性治疗的手段外，对于开始治疗的反应可以预测白血病病人的预后。尽管白血病治疗的毒性较大，且感染是化疗期间引起亡的主要原因，但未经治疗或治疗无效的白血病病人的中位生存期只有2～3个月，绝大部分未经治疗的病例均死于骨髓功能障碍。化疗的剂量并不应因细胞减少而降低、，因为较低剂量仍会产生明显的骨髓抑制而改善骨髓功	0	脚趾	白血病
皮肤上长了很多像鸡皮疙瘩一样的小痘痘很久了怎么去除啊……	根据你的症状，在有皮肤部位的鸡皮疙瘩物质，考虑是一个皮肤过敏性疾病引起。可以使用外用的免疫调节剂涂抹治疗为宜，使用他克莫司软膏涂抹治疗等建议注意卫生，避免服用辛辣刺激性食物等，积极治疗	1	皮肤上	皮肤部
耳朵发黑是咋回事会不会是啥病的起因	这是一种色素的沉着所致。建议你可以到医院皮肤科进行检测，同时用些美白的药膏，也可以选用激光进行美白，到冬天时要提前进行防冻。希望对你有所帮助。	1	耳朵	美白的药膏
痔疮怀孕期间有了痔疮怎么办？有时还拉血，？怀孕期间有了痔疮怎么办？有时还拉血，每次上大号都很费力。	是支气管炎引起的咳嗽。一般在感冒后发生，夜间咳嗽较严重休息好营养充足，服用枇杷露可以镇咳。平时不要吃太甜的食物，因为可能会加剧咳嗽。吃些梨有利于化痰止咳。	0	痔疮	支气管炎
脚掌前半部分包括脚趾头很肿，没有发生过外？脚掌前半部分包括脚趾头很肿，没有发生过外力碰撞。	脚肿不排除与肾炎水肿有关系的，建议及时上医院泌尿科，做个肾功能等相关检查判断的，主要避免久坐，可以适当的局部按摩	1	脚掌前半部分	脚肿
常年吃甲亢的要会对身体有害吗？会影响内分泌？那要怎么去调节它？求食疗	出现奶水不够的情况是和其炎症的感染及上火导致的额，要注意进行对症的抗炎的治疗，同时做局部的按摩，有的是和奶管的堵塞有影响的。	0	none	none
骑车摔交脸上留下疤、请问用芦荟搽有用么？	一般骨折的处理都是固定，保养，服用促进骨质生长的药物。一定要及时处理骨折避免骨头的断端刺伤体内的其他组织，引发不必要的感染。希望我的答复能帮组到你	0	脸上	骨折
老公在同房时没有射精，是体外排精，也有可能怀孕吗	治疗首先要保持大便通畅，进食易消化、少含渣滓的食物。饮食应粗细搭配，少饮浓茶、咖啡、酒类及少进辛辣食物，以减少对肛管的刺激。便后要温水坐浴，局部应用痔疮栓或痔疮膏。根据病情的不同，可以采取注射治疗、冷冻治疗及物理治疗。	0	none	大便
胸口闷胸口后背酸痛，闷时上气就会咳嗽	，，胸闷是一种自觉胸部闷胀及呼吸不畅的感觉，轻者可能是神经官能性的，即心脏、肺的功能失去调节引起的，建议你去医院检查一下	1	胸口闷	胸闷
怀孕38周胎儿双顶径8。9，头围30。5，股骨长6。7，腹围28。1，胎儿大约多重怀孕38周胎儿双顶径8。9，头围30。5，股骨长6。7，腹围28。1，胎儿大约多重胎儿大约多重。正常吗	痔疮患者应多摄入膳食纤维：膳食纤维有助于促进消化排便防止便秘，进而降低痔疮危险，多纤维饮食可以使大便更软，进而减轻痔疮疼痛，纤维素日摄入量不低于十四克纤维素/一千卡路里食物	0	双顶	膳食纤维
我脸上长的，不知道是毛囊炎还是痘痘，我应该怎能区分呢？和毛囊炎的症状很像	心理分析：根据你的描述你你脾气很坏而且是越来越坏，老公受不了你总和你吵架，你自己都很烦恼，可能你潜意识里的某种东西在支配着你，也许你很自卑，而表现得很强势。心理指导：建议：调整心态，放松心情，放松身体，与自己的身体做一个连接，问自己的感受，做一个成熟的女人，不要做挑剔的女人，挑剔的女人要求伴侣按照她们的标准去做事，还会不停的指责。这样的女人会让男人很尴尬、很疲劳，当男人受够了的时候就是婚姻结束的时候。成熟的女人是一个很稳健的人，不会情绪波动那么大。	0	毛囊炎	none
有没有关系啊，咨询下我刚怀孕，盆光积水，要挂青霉素，有没有关系	考虑是怀孕的情况像你的这种情况考虑是可以的，一般情况青霉素是不会影响孩子发育的	1	青霉素	青霉素
脊椎麻到腿低头从脊椎一直麻到两腿之间这是什么原因	一般来说，羊水过多会出现：1、使子宫过度膨胀，可以引起腹痛，腹胀不适。当羊水压迫横膈，心脏等时可引起心慌，气短，不能平卧等，还有下肢静脉浮肿及腹水。2、生产时由于子过度膨胀导致子宫收缩无力而会引起难产。3、有时也会引起胎位异常。4、子宫过度膨胀或羊水压力不均，易发生胎膜早破而引起早产。5、生产时羊水急剧流出，可引起胎盘早期剥离及脐带脱垂。6、亦会导致产后出血。7、羊水过多常常会合并胎儿畸形。建议：胎儿正常可以适当限盐，口服利尿剂等治疗，并注意避免胎膜早破发生。希望我的回答能令你满意。	0	脊椎	子宫
关于今早起来我嘴唇肿了是怎么了？的问题	首先你要确定你对什么东西过敏，可以在医院做个药敏试验看看，你对什么物质过敏	1	嘴唇	药敏试验
胎盘位置：前壁，成熟度：0级，厚度：2。5Ｃｍ。羊水：最大垂直深度3。4Ｃｍ。胎位：头位胎心率：149次/分。胎儿数目一个，羊膜腔数一个。请问宝宝健康吗？怀孕14周3天了，之前做过早孕检查，今天刚做了彩超想问下能知道宝宝健不健康吗	根据你的检查结果所示羊水是偏少的，建议做个胎心监测为好以排除胎儿缺氧。饮食方面还是需要注意的，以少量多餐，菜不要过于油腻，多吃水果、新鲜蔬菜。怀孕期间为了宝宝的健康生长发育是需要多加强营养的，可以吃些碳酸钙或者乐力钙或保灵孕宝。多吃些排骨汤及动物肝脏。	1	胎盘	碳酸钙
我今年30岁从去年开始遇到突变天气腿关节疼痛有时候路都走不了手指也经常肿胀变粗这什么原因请问如何治疗	根据你的症状应该去当地正规医院进行检查确诊然后对症进行治疗。	0	腿关节	none
女左手食，中，无名指中末节指骨以远粉碎性骨折，小指末节小部分缺失，伴周围软组	早泄是指阴茎插入阴道后在女性尚未达到性高潮，而男性的性交时间短于2分钟，提早射精而出现的性交不和谐障碍。治疗主要使用一些抗抑郁及镇静剂对器质性病变者使用一些抗生素以治疗原发病等也使用一些麻醉剂或类似药物降低龟头的敏感性，必要时看看中医医生是不是肾虚引起的。需要适当控制性生活次数，可以服用金锁固精丸或者男宝胶囊改善，严重时看医生检查是不是有其他原因。注意休息，可以多吃一些具有补肾固精作用的食物，如，胡桃肉，栗子，甲鱼，鸽蛋，猪腰等。	0	无名指中末节指骨	阴道
我头疼，体温38度，全身酸痛，四肢无力，恶心，吐了一次，是禽流感吗？自己吃了感冒清是禽流感吗？	应该是中医上的体寒，怕冷，怕凉，手脚最明显。是由于体质和生活习惯的交错而引起的症状，要想彻底治疗体寒，需要一段较长的时间，但是一定要坚持。生活中多留意，长久坚持健康的生活习惯，就能有效地防治体寒。注意适当摄取盐分，控制水分，进食不宜过量，饮食温热，包括温度以及食物的性质。多吃北方水果，少吃南方水果。泡热水脚。服用维他命E等、	0	头疼	手脚
我女儿7岁今天查出癫痫失神性发作到你们那可以么，治愈率是脑电图是哟异常放电我想问一下，你们那这种病一般能治愈么	癫痫是一组由大脑神经元异常放电所引起的短暂中枢神经系统功能失常为特征的慢性脑部疾病，具有突然发生、反复发作的特征。根据所侵犯神经原的部位和发放扩散的范围，功能失常可表现为运动、感觉、意识、行为、自主神经功能等不同障碍，或兼而有之。首先最好是住院治疗调整和选择精神科的药物，因为抗精神病的药副反映很大，而且每个人的剂量是不一样的。必须剂量和种类恰到好处才会见效。副反应才能够降低到最小。	1	癫痫	大脑神经元
乙肝孕妇分娩前需要打乙肝免疫球蛋白吗？我是一个乙肝小三阳患者，现在还有6个月的时间就要生孩子了，我之前听病友说在将要生的时候打乙肝免疫球蛋白可以防止孩子受感染是这么回事吗？现在我想知道是不是这个情况是属实的呢？该不该打这个药呢。乙肝孕妇分娩前需要打乙肝免疫球蛋白吗？	乙肝怀孕患者，现代医学研究是不建议在孕后期注射乙肝免疫球蛋白，只要在孩子出生后立即注射乙肝疫苗和乙肝免疫球蛋白，一个月之后重复注射一次，可以起到很好的阻断的作用。但是如果是宫内感染的话，就不能起到作用了。建议你定期做个病毒量的检查，如果是病毒高的话，对孩子的宫内感染也不是没有可能的。建议在专业医生的指导下，在孕后期，抗病毒治疗	1	乙肝免疫球蛋白	乙肝免疫球蛋白
1岁零8个月的小孩查转氨酶有200多如何治疗？因最近肚泻和皮肤到处都有风它样的几个月的时侯在儿童医院治疗过吃些什么药好	可能是由于存在胆囊炎或者是肝炎等导致的转氨酶增高的情况，没有相关检查，也不能肯定具体情况。建议到医院肝胆科或者消化内科看看，明确一下，看看是什么情况，采取针对性的治疗措施。	1	转氨酶	胆囊炎
有胸背痛，咳嗽，ct正常，不会是早期肺癌？	怀孕初期最好还是不要用药，因为现在正是宝宝发育的关键时刻容易受到药物的影响，多喝水不要吃一些刺激性食物是可以缓解炎症的，必要时可以使用清洗液清洗一下。到了怀孕3个月左右是可以在医生的指导下使用药物的，如一些清洗液。栓药等	0	胸背痛	清洗液
怀孕三十三周早上起床眼睛肿是怎么回事	一般情况还是可以服用药物治疗，常用的有妈咪爱、培匪康、思密达、丽珠肠乐等口服，还要注意调整饮食，减少奶量，代以米汤、糖、盐水等	0	眼睛肿	妈咪爱
停经32天时去抽血hcg是10，参考值0？停经32天时去抽血hcg是10，参考值0-5，医生只说有可能怀孕，让过一周再查，可是停经34天时来月经了。半年前胎停育请问我是来月经了还是流产了，因为试纸一直是阴性，停经28天时流了几滴黑血	你检查的结果比参考值高考虑是怀孕了。停经28天时流了几滴黑血，是先兆流产。根据你的叙述，建议你口服黄体酮胶丸和保胎灵等来保胎治疗的，是可以起到治疗的作用的，多休息，个几天再检查一次血hcg。	1	hcg	黄体酮胶丸
尿痛，流脓，腰痛，有不洁性生活昨天在芜湖协和医院打点滴，症状消失怎么治疗吃药还是打针	这个尿痛以及流脓的话，那么还是用些敏感的药物，吃上，这个检查一下尿常规以及分泌物的主要是看看有没有淋病的，这个饮食避免辛辣刺激，多喝水，这个用些头孢曲松抗生素使用上，等到检查阴性再去停药	1	尿痛	尿常规
双顶径约65mm，头围241mm，腹围264mm，胸围188mm，肱骨长42mm，股骨长49mm，成熟度0度，胎心率149每分钟，胎方位：LOA，请问这样的B超正常吗？请问这样的B超正常吗	根据你的检查的结果，你已经孕38周的了，双顶径是8。8的了，那么是略小的了。对于分娩来说，毫无疑问的，肯定是顺产的好的，顺产对宝宝、妈妈都是有好处的。而且你的宝宝也是不很大的了，如果没有特殊的原因，肯定是建议顺产的了，如果要剖宫产的，那么建议39周以后比较好的了。	0	双顶	双顶径
想要个宝宝半年了怀孕怀不上，想要个宝宝	如果备孕半年，仍然不能怀孕的话，这个就要警惕有不孕的可能了，一般不孕的原因是男女双方中的一人或者两者都有。建议夫妻双方均要就医做不孕方面的检测，男性检查精子，女性检测输卵管，排卵，免疫性抗体，以及子宫等问题。进行相关的排查，针对病因治疗。	1	none	免疫性抗体
我怀孕26周了，今天检查胎儿心率152分/次，羊水值22，请问正常吗	煤气中毒后出现的没有知觉是可以通过针灸中药的调理来缓解的，所以建议你找个好的中医大夫调理一下，尽量能好好的休息。	0	心率	none
我结扎九年了可以放扎吗想生个男孩放扎	你的意思是做输卵管复通术，手术的成功及怀孕的概率取决于你当时做结扎术的位置及结扎的手术方式。如果复通手术很成功，是可以怀孕的，不过有报道，输卵管复通术后成功怀孕的概率为20%左右。	1	none	输卵管复通术
宝宝一岁半，高烧抽风，检查病毒感染引起，后来咳嗽厉害引起支气管肺炎，住院八天。出院两三天后晚上睡觉突然啼哭，每次都是十分钟左右，请问该怎么办呢？	建议行宫颈细胞刮片检查，若只是提示炎症，可行宫颈聚焦超声治疗，是目前治疗宫颈糜烂比较先进的技术，属物理治疗，不会影响日后生育。	0	高烧	宫颈细胞刮片
在余杭区哪家医院能做四维彩超？现在快4个月了，想去做四维彩超，很想看看宝宝的样子，需要提前多久预约，别人说四维的比较详细，想去照一下	一般现在，妇婴医院都是有四维彩超的，建议去专业的妇婴医院进行彩超检查。孕妇14周以后就可以看出胎儿的样子做四维彩超就可以看到，而且还可以排除，胎儿是否有其他方面的疾病	1	四维彩超	四维彩超
牛皮鲜用什么偏方治疗好呢？牛皮鲜用什么偏方治疗好呢？患上牛皮鲜用过不少的药物方法都不管事，用偏方治疗好不好呢？	目前治疗牛皮癣可以采用激光和中药药浴等方法治疗的，同时配合中西医结合的方法治疗，建议你到正规的皮肤病专科医院就诊，在医生的指导下正规治疗，选择适合自己的治疗方法，以免病情迁延不愈。	1	none	牛皮癣
我现在准备怀孕，可是我才下环的，对受孕有没有影响？	建议物理降温，就是用25%-50%酒精擦浴的物理降温方法，或冷敷，在额头、手豌、小腿上各放一湿冷毛巾，其他部位应以衣物盖住	0	none	25%-50%酒精
屁股沟靠着痔疮的位置皮肤前几天痒痒，然后我抓破了，今天摸到哪里破了的皮肤没有好，痔疮边上也多了一个小疙瘩，一摸就很痛，好像也破皮了	你想咨询的问题是，你既往患有痔疮，目前痔疮附近由于皮肤瘙痒，导致你搔抓后破溃。你的情况可能是肛周脓肿引起的，属于细菌感染，大多数属于格兰阳性菌的感染，需要使用抗生素治疗，必要时切开排脓。	1	屁股沟	皮肤
左胫腓骨下段开放性粉碎性骨折并骨缺损，已做植骨手术一年多，已取出内固定物，上段骨已连下段未连。请问：需用什么药物治疗？应注意那些事项？	建议最好看看当地中医，进行中药调理，效果很好	1	左胫腓骨下段	none
宝宝恶心呕吐怎么办宝宝经常恶心	这个情况属于孕中晚期了，这个时候首先是宝宝对营养的需求比较大了，首先你得营养要跟上了。另外就是随着你的腹部的增大，腰椎可能就要受力改变，所以可能会压迫神经导致腿酸的，注意休息看看是否改善。	0	恶心	腹部
我丈夫患了乙肝大三阳，怎么办啊，如何治疗？我丈夫患了乙肝大三阳，怎么办啊，如何治疗。	乙肝大三阳病毒复制活跃，传染性很大，建议患者及时到正规医院治疗，治疗时选择适合病情的治疗方法，避免治疗误区。目前来说最新技术已经问世，部分患者经治疗可以康复，该技术能有效清除患者体内的乙肝病毒相对于传统治疗效果更好，你可以作进一步了解。平时饮食宜清淡，营养摄入要均衡。	1	乙肝大三阳	乙肝
子宫息肉的症状都有哪些？	患有子宫内膜息肉要根据息肉的大小、位置、形态及患者的年龄，采取不同的治法。对于较大而有蒂的息肉，可通过扩张宫颈将息肉摘除，小型局灶型或弥漫型息肉行刮宫术。	1	子宫	子宫内膜
小孩早晚咳嗽。今年六岁了。	像你说的这种情况应该是荨麻疹等引起的上述症状。建议口服氯雷他定，甲氰咪胍，赛庚啶，维生素C等进行治疗。	0	咳嗽	荨麻疹
我很想要个小宝宝，和老公做爱后，他是流进精子，但是如果我稍微一用力，都会出来，有时候感觉都出来了，是怎么回事啊，我想问一下	，一般这种症状考虑可能是胃炎或者消化道溃疡导致的。最好做胃镜明确。建议口服藿香冲剂，奥美拉唑，枸橼酸铋钾，654-2试试，看消化内科正规治疗。一定要禁烟，酒，咖啡，茶，生冷，辛辣食物。	0	none	胃炎
大夫，有关肾积液的问题我母亲有肾囊肿。年初在家门口的三甲做的微创。前两天体检时发现有肾积液，并且伴有右侧腰疼。我想问问，究竟怎么回事。该如何治疗。如何预防？	肾积水是比较严重的，大多数是因尿路梗阻引起的，建议你做输尿管B超检查，确诊病因在治疗	1	囊肿	积水
我一直都有胸闷心慌气短头晕的症状，虽然经做了心脏彩超、二十四小时心电图、头核磁共振，诊断为神经官能症，但多年了症状还在，时轻时重，有时心堵得慌、胸痛等，要大口吸气。有时平时也有胸闷心慌气短的症状，但劳累后或下午一定会加重。很晕但又不晕倒。神经官能症是这样的吗？我有时怀疑会不会检查不出病，要疯了。	心脏神经官能症是一种特殊的神经症类型，主要表现为心悸、胸闷、气短，乏力等，是临床上常见的心血管疾病之一。本病没有心脏器质性病变的证据，只是患者自我感觉到的一种病态和心理障碍。不要过度紧张，积极参加力所能及的体育活动，增强体质，合理安排生活，做到劳逸结合，症状不能缓解的可以考虑服用镇静安神的药物，也可辅助服用谷维素和维生素B。	1	胸闷	心脏
在徐州妇幼保健院预约3月3号做孕检的四维彩超。但是人在外地没时间过去做。能推迟吗？？？在徐州妇幼保健院预约3月3号做孕检的四维彩超。但是人在外地没时间过去做。能推迟吗？？？在徐州妇幼保健院预约3月3号做孕检的四维彩超。但是人在外地没时间过去做。能推迟吗？？？	这最好不要推迟的，以免影响检查的结果，孕期最好饮食尽可能广泛多样化。多吃高蛋白优质蛋白食物多吃蔬菜水果，同时建议定期复查。	1	none	none
哺乳期用了治疗腋臭的药会对孩子有什么影响呢	小儿磨牙一般是缺钙，建议平时多吃含钙高的食物，多晒晒太阳促进钙吸收，做绿色食物时，建议先用热水烫一下，将其上的草酸烫掉，这样钙才更容易补吸收，草酸是会导致其它营养不能很好吸收的，所以要弄掉。另外如果有严重的缺钙现象，建议去查个微量元素看缺多少，可否考虑从药物中补充，如吃一些补充钙的药剂。	0	治疗	草酸
痔疮犯了，用药期间周围痒，扩散了很大了，是皮肤病还是什么情况	便秘治疗：按摩：在肚脐水平左右2CM的地方和这一点再向下2厘米的地方有两个穴位分别是：水道和归来穴位，两穴位分别是胃阳明经的穴位，对排便帮助很大的还可以进行肛门体操：有意识地将意念集中在肛门，一边有节奏的收缩肛门并屏气两三分钟，然后放松，坚持每天做5分钟，此外还有饮食疗法：多吃核桃、酸奶、烤紫菜、青梅干、地瓜、莲藕、海带、圆白菜等	0	皮肤病	肚脐
刚生完宝宝，宝宝不肯吸奶水，乳房出现硬块，怎么样才能让硬散开？	综合你的情况，你现在是产后乳房出现乳汁淤积，还是最好是要让孩子吸吮的。你可以用热毛巾热敷，或是硫酸镁湿热敷都可以，如果不见好转，你需要让专业的催奶师帮你处理。避免挤压乳房，以免出现急性乳腺炎。	1	乳房	乳房
眼睛红痒，眼睛里有分泌物	如眼部有感染，如角膜眼膜发炎，有病毒感染红眼病也会有上述眼红痒，眼有分泌物的类似症状表现的了	1	眼睛	眼部
这个检查报告什么意思、应该怎样治疗、为什么我一直不怀孕、	这个是不正常的，可以去妇科及内分泌科检查一下有奶水溢出现象，可能是催乳素过高。这个有可能是脑垂体瘤引起的，需要做核磁共振来确诊具体还是要去医院做进一步检查	0	none	内分泌
放环久会引起腹部剧列疼痛尿急症状吗？	目前按照我国预防接种的相关规定，两种疫苗一般不会同时接种，两种疫苗接种之间至少间隔28天目前的话，建议最好不要同时接种，容易出现小孩子接种疫苗后发烧、拉肚子等反映	0	腹部	发烧
颈部右侧淋巴结肿起已经有2个多月了，刚开始有感冒，之后有流鼻血，头痛的症状，后来就没了，不过晚上睡颈部右侧淋巴结肿起已经有2个多月了，刚开始有感冒，之后有流鼻血，头痛的症状，后来就没了，不过晚上睡觉朝下的鼻子有鼻塞，血常规做出来是慢性鼻炎，问一下淋巴怎样才能消肿	胎儿脑积水可能会引起智力发育异常，导致脑积水的原因有很多。建议你在以后的孕育过程中注意防止药物影响和辐射等不利影响。	0	颈部右侧淋巴结	积水
疼痛，拉稀，不咳嗽。请问这是感冒么？	肠炎的问题引起的症状及时的口服氟哌酸的方法治疗。	1	疼痛	肠炎
我的月经推迟了八天还没来，这几天喝了好多红糖水了，白带少，呈米黄色，乳头一碰就痛。是怎么了？	引起腰痛的原因很多:外伤，肾脏的病变长期负重，不良姿势的影响，长期震荡。可到医院查出病因，积极对症治疗。可按摩，理疗，服用药物。平时不要长期久坐或弯腰负重，腰部不要剧烈活动，可睡硬板床	0	红糖水	腰痛
抽血数据太低是不是宫外孕我移植囊胚第十三天，hcg68，孕酮24，而且还流了一些棕色的液体，是不是宫外孕？	移植囊胚第十三天，hcg68，孕酮24，而且还流了一些棕色的液体，你的情况是有宫外孕可能，但是还不能确定你的情况，咨询下给你检查的大夫复查次hcg对比下看看是否有宫外孕可能吧	1	hcg	hcg
怀孕34周胎动频繁，连续快速动几下，正常吗	胎动频繁，胎心快，要考虑胎儿是不是缺氧的表现。建议去医院做胎心监护，如果评分低于9分，要吸氧等处理。	1	none	none
怀孕30多天，做了三次血hcg检查，第一次211。隔天390。再隔天730。这个可以排除宫外孕或者发育不好吗？是正常得吗	在怀孕早期HCG含量增加还可以，一般每天增加60%左右，你的略微低一些的。但是不能以此诊断宫外孕或者排除宫外孕的。在怀孕40天B超就可以确诊。	1	血hcg	HCG
意外怀孕了。最后一次月经上个月16号。两次剖腹产。距离第二次剖腹产间隔一年二个月。选择什么样的人流对身体伤害低。	结肠炎又称非特异性溃疡性结肠炎，起病多缓慢，病情轻重不一，腹泻是主要症状，排出脓血便、粘液血便或血便，常伴里急后重，有腹痛→便意→排便→缓解的特点。你要引起重视，以免加重病情。建议你除注意休息和针对病因积极治疗外，在饮食方面应采取易消化、少刺激、温热适度、营养丰富、少食多餐和适时补充水分的原则。注意饮食卫生，勿吃变质食物。在凉拌菜中可加些醋或蒜泥，既可杀菌又可调味，增进食欲。推荐你抗感染药：水杨酰偶氮磺胺吡啶对治疗各部结肠炎，防止并发症有较好疗效。	0	none	腹泻
李医生，我是刚生过孩子才有的痔疮，这样好治疗吗？以前没有的，这是什么问题呢？	其实本身产后出现痔疮很常见的，一般来说也不一定就要治疗，关键还是自己保养好，你可以了解目前来说如果本身不严重，那么关键还是饮食调节好，清淡一些，保持大便稀软，必要时可以外涂马应龙痔疮膏等缓解的	1	none	痔疮
全部症状：阴超检查子宫内16*10mm，做药流好还是做人流好？如果药流不成功，要清宫，和直接人流比，哪个伤害大？发病时间及原因：治疗情况	你可以选择药流的，药流对身体的损害性小一些。以后要注意避孕。	1	阴超	none
脸上红肿起包特别的痒怎么办看了好多家医院都是过敏，吃了好多的药物都没有效果	"蛀牙刚开始专家指出，在得了蛀牙后，更需要使用优质的含氟牙膏，所谓""亡羊补牢，为时未晚""。因为优质的含氟牙膏，一方面可以利用氟离子进入牙齿表面，形成保护层，帮助抵御酸性物质的侵蚀，从而帮助防止蛀牙状况的恶化。另一方面，这种氟离子可以作用在其他牙齿上，对于一些潜在的蛀牙危险，也就是小蛀斑，起到促进牙齿再矿化的作用，修复这些早期小蛀斑，避免进一步发展形成蛀牙。"	0	脸上	含氟牙膏
施巴的婴儿洗发沐浴露，给宝宝洗合适吗？	白斑分为多种皮肤疾病，而白癜风只是其中一种。可以先观察下，如果白斑表面光滑，不掉屑，而且不痛不痒的话，一般考虑白癜风的可能性比较大，具体需要专门的仪器检查后才能确定任何疾病的治疗都是宜早不宜迟，建议患者要及早检查确诊治疗，以免延误了病情，错过最佳的治疗时间，加大治疗难度。	0	施巴的	白斑
小孩刚生下来，喉咙就会发出咕咕响。	孩子以上情况很常见与小儿的喉软骨发育不全有关，喉软骨发育不全可以导致以上情况孩子正确的补充钙剂和鱼肝油即可孩子以上情况可以逐步康复可以说孩子以上情况不严重孩子科学补充鱼肝油和钙剂就可以不用特殊治疗	1	喉咙	喉软骨
那么长抽疼？晚上没睡好，就会出现左脑抽筋的感觉。左眼睛也会抽疼，偶尔左手拇指会麻痹。经常玩电脑和手机。	朋友，根据你的提问，这个最好是避免一下的	0	抽疼	none
怀孕一个月见红，是什么症状？？	考虑是先兆流产，主要表现为怀孕后，阴道有少量出血，根据流血量和积聚在阴道内的时间的不同，颜色可为鲜红色、粉红色或深褐色建议你去正规医院检查并接受治疗，合理膳食，注意休息	1	none	阴道
经期来过之后腰部还是一阵一阵抽搐，经期之前也有，是什么原因	这个情况不会有太大的影响，可以做好复查。注意休息，合理的饮食，保持良好的心情，增加全面的营养。注意保暖，忌寒、凉、生、冷刺激同时要观察症状为好。	0	腰部	none
孩子现在还很小还在读小学可是压力也很大平时一回家就是不停的做作业周末还要上补习班看着孩子这个样子我就特别的担心他会成为近视眼请问小孩子怎么预防近视眼？	结节性甲状腺肿适宜的食物1、含碘量高的食物，如海带、紫菜、海参、龙虾、甲鱼、还有发菜、干贝等，因为海产品含有丰富的碘。2、还适合吃消结散肿的食物：油菜、芥菜、猕猴桃都是不错的选择。3、还适宜多吃增强免疫力的食物比如说：香菇蘑菇、木耳、核桃，主要是菌类和干果类。4、还有红枣、山药新鲜蔬菜和水果也宜多吃。结节性甲状腺肿饮食禁忌的食物1、刺激性食物如葱、花椒、桂皮、辣椒等，要忌烟酒。2、还不能吃肥腻油煎食物。	0	近视	结节
左部小腿两股粉碎性骨折几级伤残啊，并且？左部小腿两股粉碎性骨折几级伤残啊，并且左脚脚腕关节处有一处不能复位。	但是考虑胎心等情况属于正常的情况，问题不大，建议不用担心，注意定期到医院检查胎儿的发育情况，积极极加强营养	0	左部小腿两股	none
患者女，43岁，蹲下起来后发晕，有时浑身无力只服用过4盒生脉饮，没有效果你能否给一些治疗建议？	你的血压有点低，蹲下起来后发晕是因为体位性低血压。建议你平常喝生脉饮口服液治疗，效果挺好的，多吃点含蛋白高的食品，没事多运动增强体质。实在不行就开点中药补气血。	1	发晕	发晕
脚指头骨折4月27日砸到脚，大拇指第三关节骨折三处，一直在住院，脚一直肿着，我想问医生能做手术治好吗，刚才问了一次，忘了账号密码了。	红血丝属于敏感肌肤，要增强皮肤锻炼，经常用冷水洗脸，以增加皮肤的耐受力。尽量不要使用含重金属的化妆品，因为那些化妆品会使色素沉积，把毒素残留表皮。经常按摩红血丝部位，促进血液的流动，也有助于增强毛细血管弹性。要避免从冷的地方突然到热的地方或者从热的地方突然到冷的地方，怕红血丝会加重。	0	脚指头	皮肤
针灸，中药，拔罐都试过了，效果不明显，走路走500多米就屁股疼的走不了了，该怎么治疗啊？腰椎间盘突出	面瘫是分为周围性和中枢性的神经性的疾病，一般症状是口眼歪斜它是一种常见病、多发病。面瘫的患者采取的治疗方法是体针、电针、穴位贴附等。面瘫主要是以预防为主，多食新鲜蔬菜、粗粮、黄豆制品、大枣、瘦肉等，每天配合穴位按摩等方法。	0	屁股疼	口眼
我踝关节及腓骨下段骨折后四个月十天了，当时选择保守治疗，走路也还疼，而且有头晕发呕的症状，傍晚时还感觉有点时寒时冷的，患处旁的肌肉还有点肿，小腿的侧面挨着骨头的地方还有些疼，这个情况到底是怎么回事，我简直是求天无路，求地无门了快，求你帮帮我。本人感激不尽。	不慎外伤导致腓骨下端骨折，而经过治疗，现在已经四个月余当然如果是已经四个月余，局部少许疼痛，考虑骨折后期表现，而如果是骨折对位良好，四个月余局部愈合，而这时候存在少许不适感及疼痛，可以逐步加大运动负荷，结合外擦药酒，内服跌打丸等措施，综合起来才能好转，对于头晕，恶心，需要通过医生诊察考虑是否外感风寒或其他疾病诱发。	1	踝关节及	腓骨下端
早上起床就说累，走几步路就蹲下也说累。心跳过快到底是怎嘛，有什吗药	初步考虑低血压，贫血或者是心血管方面的问题。建议你到医院查下血压和心电图和心功能等检查，在查个血常规检查。	1	none	低血压
